id,clade,manhattan
gisaid,S_2,1
gisaid,S_1,2
gisaid,L,4
gisaid,O_1,4
gisaid,O_2,6
gisaid,V_2,6
gisaid,V_1,7
gisaid,G,8
gisaid,GH_2,9
gisaid,GH_1,10
gisaid,GR,11
new_nextstrain,19B_2,1
new_nextstrain,19B_1,2
new_nextstrain,19A_1,4
new_nextstrain,19A_2,5
new_nextstrain,20A_1,8
new_nextstrain,20A_2,9
new_nextstrain,20C,10
new_nextstrain,20B,11
old_nextstrain,B1,1
old_nextstrain,B,3
old_nextstrain,B4,3
old_nextstrain,A6,4
old_nextstrain,A3,5
old_nextstrain,A1a,6
old_nextstrain,A2,7
old_nextstrain,A2a,11
